Type,Time_Wasted,Failure_Rate
Age,5247898,79.20100581223187
Job,6987941,77.41848421444885
Marital,1195499,77.3430174345608
Education,3750648,78.40282532511715
Default,2170494,83.62506415590184
Housing,247693,76.08006685695598
Loan,1861922,75.4756643941046
Contact,3748571,84.6121895516985
